quadro,tempo_s,pessoa_detectada,conf_yolo,area_mascara_pct
0,0.00,True,0.846,0.00
1,0.04,True,0.860,0.00
2,0.08,True,0.874,0.00
3,0.12,True,0.840,0.00
4,0.16,True,0.760,0.00
5,0.20,True,0.771,0.00
6,0.24,True,0.764,0.00
7,0.28,True,0.774,0.10
8,0.32,True,0.661,0.00
9,0.36,True,0.722,0.00
10,0.40,True,0.798,0.00
11,0.44,True,0.832,0.00
12,0.48,True,0.880,0.05
13,0.52,True,0.888,0.01
14,0.56,True,0.886,0.02
15,0.60,True,0.877,0.01
16,0.64,True,0.855,0.04
17,0.68,True,0.874,0.08
18,0.72,True,0.873,0.06
19,0.76,True,0.856,0.06
20,0.80,True,0.851,0.01
21,0.84,True,0.867,0.02
22,0.88,True,0.868,0.01
23,0.92,True,0.873,0.04
24,0.96,True,0.864,0.04
25,1.00,True,0.868,0.04
26,1.04,True,0.868,0.01
27,1.08,True,0.866,0.03
28,1.12,True,0.862,0.03
29,1.16,True,0.855,0.06
30,1.20,True,0.857,0.04
31,1.24,True,0.859,0.00
32,1.28,True,0.839,0.00
33,1.32,True,0.874,0.00
34,1.36,True,0.838,0.00
35,1.40,True,0.845,0.04
36,1.44,True,0.835,0.01
37,1.48,True,0.675,0.00
38,1.52,True,0.673,0.00
39,1.56,True,0.648,0.00
40,1.60,True,0.627,0.00
41,1.64,True,0.589,0.00
42,1.68,True,0.701,0.02
43,1.72,True,0.882,0.01
44,1.76,True,0.849,0.00
45,1.80,True,0.712,0.01
46,1.84,True,0.722,0.01
47,1.88,True,0.670,0.00
48,1.92,True,0.844,0.00
49,1.96,True,0.717,0.00
50,2.00,True,0.738,0.00
51,2.04,True,0.751,0.00
52,2.08,True,0.743,0.00
53,2.12,True,0.726,0.00
54,2.16,True,0.717,0.03
55,2.20,True,0.713,0.00
56,2.24,True,0.762,0.00
57,2.28,True,0.834,0.03
58,2.32,True,0.760,0.00
59,2.36,True,0.618,0.00
60,2.40,True,0.745,0.00
61,2.44,True,0.848,0.00
62,2.48,True,0.886,0.00
63,2.52,True,0.885,0.00
64,2.56,True,0.823,0.00
65,2.60,True,0.850,0.00
66,2.64,True,0.808,0.00
67,2.68,True,0.846,0.00
68,2.72,True,0.848,0.03
69,2.76,True,0.829,0.05
70,2.80,True,0.690,0.00
71,2.84,True,0.698,0.00
72,2.88,True,0.677,0.00
73,2.92,True,0.681,0.00
74,2.96,True,0.670,0.00
75,3.00,True,0.656,0.00
76,3.04,True,0.614,0.00
77,3.08,True,0.901,0.13
78,3.12,True,0.802,0.24
79,3.16,True,0.795,0.06
80,3.20,True,0.694,0.01
81,3.24,True,0.793,0.00
82,3.28,True,0.840,0.02
83,3.32,True,0.868,0.88
84,3.36,True,0.863,0.26
85,3.40,True,0.853,0.00
86,3.44,True,0.857,0.00
87,3.48,True,0.855,0.00
88,3.52,True,0.672,0.00
89,3.56,True,0.655,0.01
90,3.60,True,0.664,0.03
91,3.64,True,0.712,0.00
92,3.68,True,0.697,0.01
93,3.72,True,0.690,0.00
94,3.76,True,0.680,0.00
95,3.80,True,0.612,0.00
96,3.84,True,0.837,0.01
97,3.88,True,0.709,0.01
98,3.92,True,0.772,0.00
99,3.96,True,0.764,0.00
100,4.00,True,0.787,0.00
101,4.04,True,0.796,0.00
102,4.08,True,0.811,0.66
103,4.12,True,0.870,0.08
104,4.16,True,0.856,0.00
105,4.20,True,0.861,0.00
106,4.24,True,0.850,0.00
107,4.28,True,0.781,0.01
108,4.32,True,0.700,0.00
109,4.36,True,0.573,0.00
110,4.40,True,0.580,0.00
111,4.44,True,0.577,0.00
112,4.48,True,0.595,0.00
113,4.52,True,0.598,0.00
114,4.56,True,0.568,0.00
115,4.60,True,0.567,0.00
116,4.64,True,0.543,0.00
117,4.68,True,0.883,0.01
118,4.72,True,0.882,0.04
119,4.76,True,0.706,0.01
120,4.80,True,0.823,0.00
121,4.84,True,0.640,0.00
122,4.88,True,0.687,0.00
123,4.92,True,0.696,0.00
124,4.96,True,0.829,0.04
125,5.00,True,0.861,0.01
126,5.04,True,0.877,0.10
127,5.08,True,0.876,0.19
128,5.12,True,0.889,0.05
129,5.16,True,0.889,0.19
130,5.20,True,0.850,0.04
131,5.24,True,0.862,0.09
132,5.28,True,0.803,0.04
133,5.32,True,0.803,0.02
134,5.36,True,0.819,0.06
135,5.40,True,0.835,0.04
136,5.44,True,0.843,0.04
137,5.48,True,0.804,0.06
138,5.52,True,0.812,0.00
139,5.56,True,0.814,0.00
140,5.60,True,0.820,0.00
141,5.64,True,0.819,0.00
142,5.68,True,0.817,0.00
143,5.72,True,0.827,0.35
144,5.76,True,0.884,0.04
145,5.80,True,0.893,0.08
146,5.84,True,0.888,0.25
147,5.88,True,0.836,0.00
148,5.92,True,0.832,0.00
149,5.96,True,0.867,0.00
150,6.00,True,0.872,0.10
151,6.04,True,0.859,0.00
152,6.08,True,0.850,0.00
153,6.12,True,0.849,0.00
154,6.16,True,0.834,0.00
155,6.20,True,0.827,0.00
156,6.24,True,0.797,0.00
157,6.28,True,0.822,0.00
158,6.32,True,0.842,0.00
159,6.36,True,0.844,0.00
160,6.40,True,0.845,0.00
161,6.44,True,0.833,0.00
162,6.48,True,0.837,0.00
163,6.52,True,0.803,0.00
164,6.56,True,0.802,0.00
165,6.60,True,0.872,0.00
166,6.64,True,0.897,0.09
167,6.68,True,0.867,0.06
168,6.72,True,0.808,0.00
169,6.76,True,0.818,0.00
170,6.80,True,0.734,0.00
171,6.84,True,0.732,0.00
172,6.88,True,0.841,0.17
173,6.92,True,0.872,0.21
174,6.96,True,0.863,0.06
175,7.00,True,0.834,0.04
176,7.04,True,0.845,0.00
177,7.08,True,0.786,0.00
178,7.12,True,0.831,0.03
179,7.16,True,0.850,0.00
180,7.20,True,0.827,0.00
181,7.24,True,0.778,0.00
182,7.28,True,0.834,0.00
183,7.32,True,0.738,0.00
184,7.36,True,0.853,0.00
185,7.40,True,0.850,0.00
186,7.44,True,0.798,0.00
187,7.48,True,0.809,0.00
188,7.52,True,0.804,0.00
189,7.56,True,0.801,0.00
190,7.60,True,0.830,0.00
191,7.64,True,0.809,0.00
192,7.68,True,0.803,0.95
193,7.72,True,0.774,0.00
194,7.76,True,0.781,0.00
195,7.80,True,0.783,0.00
196,7.84,True,0.795,0.00
